<?xml version="1.0"?>
<doc>
    <assembly>
        <name>Fahes.API</name>
    </assembly>
    <members>
        <member name="T:Fahes.API.Common.MappingProfile">
            <summary>
            Used to create a mapping profile for auto mapper
            </summary>
        </member>
        <member name="M:Fahes.API.EndpointDefinitions.AuthenticationEndpointDefinition.authenticate(Fahes.Domain.Interfaces.IUserService,Fahes.Domain.Models.DTOs.UserAuthenticateDto)">
            <summary>
            Document Ref No : 25
            </summary>
            <param name="userService"></param>
            <param name="username"></param>
            <returns></returns>
        </member>
        <member name="M:Fahes.API.EndpointDefinitions.AuthenticationEndpointDefinition.azureAuthentication(Fahes.Domain.Interfaces.IUserService,Fahes.Domain.Models.DTOs.AuthenticationDTO,Microsoft.Extensions.Logging.ILogger{Fahes.API.EndpointDefinitions.GlobalConfigEndpointDefinition})">
            <summary>
            Document Ref No: 29
            </summary>
            <param name="userService"></param>
            <param name="auth"></param>
            <param name="_logger"></param>
            <returns></returns>
        </member>
        <member name="M:Fahes.API.EndpointDefinitions.GlobalConfigEndpointDefinition.getSideMenu(Fahes.Domain.Interfaces.IGlobalConfigService,System.Int32,Microsoft.Extensions.Logging.ILogger{Fahes.API.EndpointDefinitions.GlobalConfigEndpointDefinition})">
            <summary>
            Document Ref No:2
            </summary>
            <param name="GlobalConfigService"></param>
            <param name="userId"></param>
            <param name="_logger"></param>
            <returns></returns>
        </member>
        <member name="M:Fahes.API.EndpointDefinitions.GlobalConfigEndpointDefinition.getLookupValues(Fahes.Domain.Interfaces.IGlobalConfigService,System.Int32,Microsoft.Extensions.Logging.ILogger{Fahes.API.EndpointDefinitions.GlobalConfigEndpointDefinition})">
            <summary>
            Document Ref No:8
            </summary>
            <param name="GlobalConfigService"></param>
            <param name="LookupCode"></param>
            <param name="_logger"></param>
            <returns></returns>
        </member>
        <member name="M:Fahes.API.EndpointDefinitions.GlobalConfigEndpointDefinition.PrintSsrsReport(Fahes.Domain.Interfaces.ISSRSReportPDFService,Fahes.Domain.Models.DTOs.SSRSReportDTO,Microsoft.Extensions.Logging.ILogger{Fahes.API.EndpointDefinitions.GlobalConfigEndpointDefinition})">
            <summary>
            Document Ref No: 
            </summary>
            <param name="ISSRSReportPDFService"></param>
            <param name="moduleName"></param>
            <param name="reportName"></param>
            <param name="_logger"></param>
            <returns></returns>
        </member>
        <member name="M:Fahes.API.EndpointDefinitions.GlobalConfigEndpointDefinition.getDashdboardEntitiesByUserRoles(Fahes.Domain.Interfaces.IGlobalConfigService,System.Int32,Microsoft.Extensions.Logging.ILogger{Fahes.API.EndpointDefinitions.GlobalConfigEndpointDefinition})">
            <summary>
            Document Ref No: 45
            </summary>
            <param name="GlobalConfigService"></param>
            <param name="userId"></param>
            <param name="_logger"></param>
            <returns></returns>
        </member>
        <member name="M:Fahes.API.EndpointDefinitions.GlobalConfigEndpointDefinition.uploadAttachment(Microsoft.AspNetCore.Http.HttpContext,Fahes.Domain.Interfaces.IGlobalConfigService)">
            <summary>
            Document Ref No: 46
            </summary>
            <param name="GlobalConfigService"></param>
            <param name="attachment"></param>
            <returns></returns>
        </member>
        <member name="M:Fahes.API.EndpointDefinitions.InspectionDevicesIntegrationDefinition.processInpsectionDevice(Fahes.Domain.Interfaces.IInspectionDevicesIntegrationService,Fahes.Domain.Models.DTOs.InspectionDevicesDto.InspectionDeviceProcessDto)">
            <summary>
            
            </summary>
            <param name="context"></param>
            <param name="inspectionDeviceProcessDto"></param>
            <returns></returns>
        </member>
        <member name="M:Fahes.API.EndpointDefinitions.InspectionEndpointDefinition.createInspectionRequest(Fahes.Domain.Interfaces.IInspectionService,Fahes.Domain.Models.DTOs.InspectionRequestCreationDto)">
            <summary>
            Document Ref No : 32
            </summary>
            <param name="inspectionService"></param>
            <param name="inspectionRequestCreationDto"></param>
            <returns></returns>
        </member>
        <member name="M:Fahes.API.EndpointDefinitions.InspectionEndpointDefinition.getInspectionInstructions(Fahes.Domain.Interfaces.IInspectionService,Fahes.Domain.Models.DTOs.InspectionInstructionsByRequestDTO,Microsoft.Extensions.Logging.ILogger{Fahes.API.EndpointDefinitions.GlobalConfigEndpointDefinition})">
            <summary>
            Document Ref No : 33
            </summary>
            <param name="inspectionService"></param>
            <param name="dto"></param>
            <param name="_logger"></param>
            <returns></returns>
        </member>
        <member name="M:Fahes.API.EndpointDefinitions.InspectionEndpointDefinition.getSubVisualDefectComments(Fahes.Domain.Interfaces.IInspectionService,Fahes.Domain.Models.DTOs.SubVisualDefectCommentsDTO,Microsoft.Extensions.Logging.ILogger{Fahes.API.EndpointDefinitions.GlobalConfigEndpointDefinition})">
            <summary>
            Document Ref No: 37
            </summary>
            <param name="inspectionService"></param>
            <param name="dto"></param>
            <param name="_logger"></param>
            <returns></returns>
        </member>
        <member name="M:Fahes.API.EndpointDefinitions.InspectionEndpointDefinition.getMainVisualDefects(Fahes.Domain.Interfaces.IInspectionService,Fahes.Domain.Models.DTOs.MainVisualDefectsDTO,Microsoft.Extensions.Logging.ILogger{Fahes.API.EndpointDefinitions.GlobalConfigEndpointDefinition})">
            <summary>
            Document Ref No: 38
            </summary>
            <param name="inspectionService"></param>
            <param name="dto"></param>
            <param name="_logger"></param>
            <returns></returns>
        </member>
        <member name="M:Fahes.API.EndpointDefinitions.InspectionEndpointDefinition.getSubVisualDefects(Fahes.Domain.Interfaces.IInspectionService,Fahes.Domain.Models.DTOs.SubVisualDefectsDTO,Microsoft.Extensions.Logging.ILogger{Fahes.API.EndpointDefinitions.GlobalConfigEndpointDefinition})">
            <summary>
            Document Ref No: 39
            </summary>
            <param name="inspectionService"></param>
            <param name="dto"></param>
            <param name="_logger"></param>
            <returns></returns>
        </member>
        <member name="M:Fahes.API.EndpointDefinitions.InspectionEndpointDefinition.getUserLanes(Fahes.Domain.Interfaces.IInspectionService,Fahes.Domain.Models.DTOs.UserLanesDTO,Microsoft.Extensions.Logging.ILogger{Fahes.API.EndpointDefinitions.GlobalConfigEndpointDefinition})">
            <summary>
            Document Ref No: 41
            </summary>
            <param name="inspectionService"></param>
            <param name="dto"></param>
            <param name="_logger"></param>
            <returns></returns>
        </member>
        <member name="M:Fahes.API.EndpointDefinitions.InspectionEndpointDefinition.getUserSections(Fahes.Domain.Interfaces.IInspectionService,Fahes.Domain.Models.DTOs.UserSectionsDTO,Microsoft.Extensions.Logging.ILogger{Fahes.API.EndpointDefinitions.GlobalConfigEndpointDefinition})">
            <summary>
            Document Ref No: 42
            </summary>
            <param name="inspectionService"></param>
            <param name="dto"></param>
            <param name="_logger"></param>
            <returns></returns>
        </member>
        <member name="M:Fahes.API.EndpointDefinitions.InspectionEndpointDefinition.createInspectionResult(Fahes.Domain.Interfaces.IInspectionService,System.Collections.Generic.List{Fahes.Domain.Models.DTOs.InspectionResultCreationDTO})">
            <summary>
            Document Ref No: 40
            </summary>
            <param name="inspectionService"></param>
            <param name="resultCreationDTO"></param>
            <returns></returns>
        </member>
        <member name="T:Fahes.API.EndpointDefinitions.NotificationEndPoints">
            <summary>
            This endpoints used for sending SMS/Email using fahes integration service
            </summary>
        </member>
        <member name="M:Fahes.API.EndpointDefinitions.RegistrationEndpointDefinition.reserveTankerCodeToVehicle(Fahes.Domain.Interfaces.IRegistrationService,Fahes.Domain.Models.DTOs.WaterTankerHostReservationDto)">
            <summary>
             Used to reserve a tank code (tanker vin) to the vehicle host 
            </summary>
            <param name="registrationService"></param>
            <param name="waterTankerHostReservationDto"></param>
            <returns></returns>
        </member>
        <member name="M:Fahes.API.EndpointDefinitions.RegistrationEndpointDefinition.generateNewReceiptNoForUntakedRequest(Fahes.Domain.Interfaces.IRegistrationService,Fahes.Domain.Models.DTOs.UntakedRequestDto)">
            <summary>
            used to generate new receipt for untaked request
            </summary>
            <param name="registrationService"></param>
            <param name="vehicle"></param>
            <returns></returns>
        </member>
        <member name="M:Fahes.API.EndpointDefinitions.RegistrationEndpointDefinition.getOwnerNameByOwnerPID(Fahes.Domain.Interfaces.IRegistrationService,Fahes.Domain.Models.DTOs.OwnerVehicleDetailsDto)">
            <summary>
            </summary>
            <param name="registrationService"></param>
            <param name="vehicle"></param>
            <returns></returns>
        </member>
        <member name="M:Fahes.API.EndpointDefinitions.RegistrationEndpointDefinition.insertRegisterVehicle(Fahes.Domain.Interfaces.IRegistrationService,Fahes.Domain.Models.DTOs.RegisterVehicleDTO)">
            <summary>
            Document Ref No : 1
            </summary>
            <param name="registrationService"></param>
            <param name="vehicle"></param>
            <returns></returns>
        </member>
        <member name="M:Fahes.API.EndpointDefinitions.RegistrationEndpointDefinition.insertCreditCustomerVehicle(Fahes.Domain.Interfaces.IRegistrationService,Fahes.Domain.Models.DB.CreditCustomerVehicle)">
            <summary>
            Document Ref No : 3
            </summary>
            <param name="registrationService"></param>
            <param name="inspectionServiceId"></param>
            <param name="vehicleCategoryId"></param>
            <returns></returns>
        </member>
        <member name="M:Fahes.API.EndpointDefinitions.RegistrationEndpointDefinition.getVehicleDetails(Fahes.Domain.Interfaces.IRegistrationService,Fahes.Domain.Models.DTOs.VehicleDetailsDTO,Microsoft.Extensions.Logging.ILogger{Fahes.API.EndpointDefinitions.RegistrationEndpointDefinition})">
            <summary>
            Document Ref No:4
            </summary>
            <param name="registrationService"></param>
            <param name="PltNum"></param>
            <param name="PltType"></param>
            <param name="_logger"></param>
            <returns></returns>
        </member>
        <member name="M:Fahes.API.EndpointDefinitions.RegistrationEndpointDefinition.getManufacturerModels(Fahes.Domain.Interfaces.IRegistrationService,System.Int32,Microsoft.Extensions.Logging.ILogger{Fahes.API.EndpointDefinitions.RegistrationEndpointDefinition})">
            <summary>
            Document Ref No:5
            </summary>
            <param name="registrationService"></param>
            <param name="Manufacturers_Id"></param>
            <param name="_logger"></param>
            <returns></returns>
        </member>
        <member name="M:Fahes.API.EndpointDefinitions.RegistrationEndpointDefinition.getManufacturersTypes(Fahes.Domain.Interfaces.IRegistrationService,Microsoft.Extensions.Logging.ILogger{Fahes.API.EndpointDefinitions.RegistrationEndpointDefinition})">
            <summary>
            Document Ref No:6
            </summary>
            <param name="registrationService"></param>
            <param name="_logger"></param>
            <returns></returns>
        </member>
        <member name="M:Fahes.API.EndpointDefinitions.RegistrationEndpointDefinition.getVehicleCategories(Fahes.Domain.Interfaces.IRegistrationService,Microsoft.Extensions.Logging.ILogger{Fahes.API.EndpointDefinitions.RegistrationEndpointDefinition})">
            <summary>
            Document Ref No:7
            </summary>
            <param name="registrationService"></param>
            <param name="_logger"></param>
            <returns></returns>
        </member>
        <member name="M:Fahes.API.EndpointDefinitions.RegistrationEndpointDefinition.getServiceFeesAmount(Fahes.Domain.Interfaces.IRegistrationService,System.Collections.Generic.List{Fahes.Domain.Models.DTOs.FeesAmountDto})">
            <summary>
            Document Ref No : 9
            </summary>
            <param name="registrationService"></param>
            <param name="feesAmountDto"></param>
            <returns></returns>
        </member>
        <member name="M:Fahes.API.EndpointDefinitions.RegistrationEndpointDefinition.getVehicleServices(Fahes.Domain.Interfaces.IRegistrationService,Fahes.Domain.Models.DTOs.VehicleServicesDTO,Microsoft.Extensions.Logging.ILogger{Fahes.API.EndpointDefinitions.RegistrationEndpointDefinition})">
            <summary>
            Document Ref No:10
            </summary>
            <param name="registrationService"></param>
            <param name="categoryId"></param>
            <param name="stationId"></param>
            <param name="_logger"></param>
            <returns></returns>
        </member>
        <member name="M:Fahes.API.EndpointDefinitions.RegistrationEndpointDefinition.getInspectionServiceTypes(Fahes.Domain.Interfaces.IRegistrationService,Fahes.Domain.Models.DTOs.InspectionServiceTypeDto,Microsoft.Extensions.Logging.ILogger{Fahes.API.EndpointDefinitions.RegistrationEndpointDefinition})">
            <summary>
            Document Ref No : 26
            </summary>
            <param name="registrationService"></param>
            <param name="categoryId"></param>
            <param name="stationId"></param>
            <returns></returns>
        </member>
        <member name="M:Fahes.API.EndpointDefinitions.RegistrationEndpointDefinition.getAreas(Fahes.Domain.Interfaces.IRegistrationService,Microsoft.Extensions.Logging.ILogger{Fahes.API.EndpointDefinitions.RegistrationEndpointDefinition})">
            <summary>
            Document Ref No:14
            </summary>
            <param name="registrationService"></param>
            <param name="_logger"></param>
            <returns></returns>
        </member>
        <member name="M:Fahes.API.EndpointDefinitions.RegistrationEndpointDefinition.getAreaLocations(Fahes.Domain.Interfaces.IRegistrationService,System.Int32,Microsoft.Extensions.Logging.ILogger{Fahes.API.EndpointDefinitions.RegistrationEndpointDefinition})">
            <summary>
            Document Ref No:15
            </summary>
            <param name="registrationService"></param>
            <param name="areaId"></param>
            <param name="_logger"></param>
            <returns></returns>
        </member>
        <member name="M:Fahes.API.EndpointDefinitions.RegistrationEndpointDefinition.deleteExternalEquipmentVehicle(Fahes.Domain.Interfaces.IRegistrationService,Fahes.API.EndpointDefinitions.DeleteExternalEquipmentVehicleDTO,Microsoft.Extensions.Logging.ILogger{Fahes.API.EndpointDefinitions.RegistrationEndpointDefinition})">
            <summary>
            Document Ref No:17
            </summary>
            <param name="registrationService"></param>
            <param name="externalEquipmentVehicle"></param>
            <param name="_logger"></param>
            <returns></returns>
        </member>
        <member name="M:Fahes.API.EndpointDefinitions.RegistrationEndpointDefinition.getExternalEquipmentVehiclesDetails(Fahes.Domain.Interfaces.IRegistrationService,System.Int32,Microsoft.Extensions.Logging.ILogger{Fahes.API.EndpointDefinitions.RegistrationEndpointDefinition})">
            <summary>
            Document Ref No:18
            </summary>
            <param name="registrationService"></param>
            <param name="RequestId"></param>
            <param name="_logger"></param>
            <returns></returns>
        </member>
        <member name="M:Fahes.API.EndpointDefinitions.RegistrationEndpointDefinition.insertExternalEquipmentVehicle(Fahes.Domain.Interfaces.IRegistrationService,System.Collections.Generic.List{Fahes.Domain.Models.DTOs.ExternalEquipmentVehicleInsertionDto},Microsoft.Extensions.Logging.ILogger{Fahes.API.EndpointDefinitions.RegistrationEndpointDefinition})">
            <summary>
            Document Ref No:19
            </summary>
            <param name="registrationService"></param>
            <param name="externalEquipmentVehicle"></param>
            <param name="_logger"></param>
            <returns></returns>
        </member>
        <member name="M:Fahes.API.EndpointDefinitions.RegistrationEndpointDefinition.getCreditCustomer(Fahes.Domain.Interfaces.IRegistrationService,Fahes.Domain.Models.DTOs.CreditCustomerSearchDto,Microsoft.Extensions.Logging.ILogger{Fahes.API.EndpointDefinitions.GlobalConfigEndpointDefinition})">
            <summary>
            Document Ref No:21
            </summary>
            <param name="GlobalConfigService"></param>
            <param name="_logger"></param>
            <returns></returns>
        </member>
        <member name="M:Fahes.API.EndpointDefinitions.RegistrationEndpointDefinition.updateVehicle(Fahes.Domain.Interfaces.IRegistrationService,Fahes.Domain.Models.DB.Vehicle,Microsoft.Extensions.Logging.ILogger{Fahes.API.EndpointDefinitions.GlobalConfigEndpointDefinition})">
            <summary>
            Document Ref No:22
            </summary>
            <param name="GlobalConfigService"></param>
            <param name="_logger"></param>
            <returns></returns>
        </member>
        <member name="M:Fahes.API.EndpointDefinitions.RegistrationEndpointDefinition.insertServiceRequest(Fahes.Domain.Interfaces.IRegistrationService,Fahes.Domain.Models.DTOs.ServiceRequestDTO,Microsoft.Extensions.Logging.ILogger{Fahes.API.EndpointDefinitions.RegistrationEndpointDefinition})">
            <summary>
            Document Ref No:16
            </summary>
            <param name="registrationService"></param>
            <param name="requestInvoice"></param>
            <param name="_logger"></param>
            <returns></returns>
        </member>
        <member name="M:Fahes.API.EndpointDefinitions.RegistrationEndpointDefinition.insertServiceRequestList(Fahes.Domain.Interfaces.IRegistrationService,System.Collections.Generic.List{Fahes.Domain.Models.DTOs.ServiceRequestDTO},Microsoft.Extensions.Logging.ILogger{Fahes.API.EndpointDefinitions.RegistrationEndpointDefinition})">
            <summary>
            
            </summary>
            <param name="registrationService"></param>
            <param name="serviceRequests"></param>
            <param name="_logger"></param>
            <returns></returns>
        </member>
        <member name="M:Fahes.API.EndpointDefinitions.RegistrationEndpointDefinition.submitMobileBooking(Fahes.Domain.Interfaces.IRegistrationService,Fahes.Domain.Models.DB.MobileBooking,Microsoft.Extensions.Logging.ILogger{Fahes.API.EndpointDefinitions.RegistrationEndpointDefinition})">
            <summary>
            Document Ref No:13
            </summary>
            <param name="registrationService"></param>
            <param name="requestInvoice"></param>
            <param name="_logger"></param>
            <returns></returns>
        </member>
        <member name="M:Fahes.API.EndpointDefinitions.RegistrationEndpointDefinition.getExemptedVehicle(Fahes.Domain.Interfaces.IRegistrationService,Fahes.Domain.Models.DTOs.ExemptedVehicleDetailsDTO,Microsoft.Extensions.Logging.ILogger{Fahes.API.EndpointDefinitions.RegistrationEndpointDefinition})">
            <summary>
            Document Ref No:23
            </summary>
            <param name="registrationService"></param>
            <param name="detailsDTO"></param>
            <param name="_logger"></param>
            <returns></returns>
        </member>
        <member name="M:Fahes.API.EndpointDefinitions.RegistrationEndpointDefinition.getVehicleDetailsByCamera(Fahes.Domain.Interfaces.IRegistrationService,Microsoft.AspNetCore.SignalR.IHubContext{Fahes.Services.SignalR.CaptuerVehicleDetailsHub,Fahes.Domain.SignalR.ICaptuerVehicleDetailsHub},Fahes.Domain.Models.DTOs.ScanedVehicleDetailsDto,Microsoft.Extensions.Logging.ILogger{Fahes.API.EndpointDefinitions.RegistrationEndpointDefinition})">
            <summary>
            Document Ref No: 31
            </summary>
            <param name="registrationService"></param>
            <param name="scanedVehicleDetailsDto"></param>
            <returns></returns>
        </member>
        <member name="M:Fahes.API.EndpointDefinitions.RegistrationEndpointDefinition.validateStaffOwnerType(Fahes.Domain.Interfaces.IRegistrationService,Fahes.Domain.Models.DTOs.StaffValidationDto,Microsoft.Extensions.Logging.ILogger{Fahes.API.EndpointDefinitions.RegistrationEndpointDefinition})">
            <summary>
            Check PID is refer to Staff Owner Type (Fahes Employee)
            </summary>
            <param name="registrationService"></param>
            <param name="messageHub"></param>
            <param name="scanedVehicleDetailsDto"></param>
            <param name="_logger"></param>
            <returns></returns>
        </member>
        <member name="M:Fahes.API.EndpointDefinitions.RegistrationEndpointDefinition.GetReceiptDetails(Fahes.Domain.Interfaces.IRegistrationService,Fahes.API.EndpointDefinitions.ReceiptDetailsParamsDTO,Microsoft.Extensions.Logging.ILogger{Fahes.API.EndpointDefinitions.RegistrationEndpointDefinition})">
            <summary>
             Document Ref No: 44
            </summary>
            <param name="registrationService"></param>
            <param name="_logger"></param>
            <returns></returns>
        </member>
        <member name="M:Fahes.API.EndpointDefinitions.RegistrationEndpointDefinition.getDownPaymentAmount(Fahes.Domain.Interfaces.IRegistrationService,Microsoft.Extensions.Logging.ILogger{Fahes.API.EndpointDefinitions.RegistrationEndpointDefinition})">
             <summary>
            
             </summary>
             <param name="registrationService"></param>
             <param name="_logger"></param>
             <returns></returns>
        </member>
        <member name="M:Fahes.API.EndpointDefinitions.RegistrationEndpointDefinition.getVehicleDetailsFromMoi(Fahes.Domain.Interfaces.IRegistrationService,Fahes.Domain.Models.DTOs.MoiVehicleIdentificationDto,Microsoft.Extensions.Logging.ILogger{Fahes.API.EndpointDefinitions.RegistrationEndpointDefinition})">
            <summary>
             For test MOI
            </summary>
            <param name="registrationService"></param>
            <param name="_logger"></param>
            <returns></returns>
        </member>
        <member name="M:Fahes.API.EndpointDefinitions.RegistrationEndpointDefinition.getMobileBookedRequests(Fahes.Domain.Interfaces.IRegistrationService,Fahes.Domain.Models.DTOs.MobileBookingDtos.MobileRequestStationDto,Microsoft.Extensions.Logging.ILogger{Fahes.API.EndpointDefinitions.RegistrationEndpointDefinition})">
             <summary>
            
             </summary>
             <param name="registrationService"></param>
             <param name="_logger"></param>
             <returns></returns>
        </member>
        <member name="M:Fahes.API.EndpointDefinitions.RegistrationEndpointDefinition.updateMobileBookedRequest(Fahes.Domain.Interfaces.IRegistrationService,Fahes.Domain.Models.DTOs.MobileBookingDtos.MobileBookingUpdateDto,Microsoft.Extensions.Logging.ILogger{Fahes.API.EndpointDefinitions.RegistrationEndpointDefinition})">
             <summary>
            
             </summary>
             <param name="registrationService"></param>
             <param name="_logger"></param>
             <returns></returns>
        </member>
        <member name="M:Fahes.API.EndpointDefinitions.RegistrationEndpointDefinition.submitRegistrationMobileStation(Fahes.Domain.Interfaces.IRegistrationService,Fahes.Domain.Models.DTOs.MobileBookingDtos.MobileRegistrationDto,Microsoft.Extensions.Logging.ILogger{Fahes.API.EndpointDefinitions.RegistrationEndpointDefinition})">
             <summary>
            
             </summary>f
             <param name="registrationService"></param>
             <param name="_logger"></param>
             <returns></returns>
        </member>
        <member name="M:Fahes.API.EndpointDefinitions.RegistrationEndpointDefinition.getRemainginBalanceOfMobileBookingRequest(Fahes.Domain.Interfaces.IRegistrationService,Fahes.Domain.Models.DTOs.MobileBookingDtos.MobileRequestStationDto,Microsoft.Extensions.Logging.ILogger{Fahes.API.EndpointDefinitions.RegistrationEndpointDefinition})">
             <summary>
            
             </summary>
             <param name="registrationService"></param>
             <param name="_logger"></param>
             <returns></returns>
        </member>
        <member name="M:Fahes.API.EndpointDefinitions.SystemAdminEndpointDefinitions.systemLookupsOperations(Fahes.Domain.Interfaces.ISystemAdminService,Fahes.Domain.Models.DTOs.SysLookupsOperationsDTO)">
            <summary>
            
            </summary>
            <param name="SystemAdminervice"></param>
            <param name="operationsDTO"></param>
            <returns></returns>
        </member>
        <member name="M:Fahes.API.EndpointDefinitions.SystemAdminEndpointDefinitions.systemLookupValuesOperations(Fahes.Domain.Interfaces.ISystemAdminService,Fahes.Domain.Models.DTOs.SysLookupValuesOperationsDTO)">
            <summary>
            
            </summary>
            <param name="SystemAdminervice"></param>
            <param name="operationsDTO"></param>
            <returns></returns>
        </member>
        <member name="M:Fahes.API.EndpointDefinitions.SystemAdminEndpointDefinitions.getSystemLookups(Fahes.Domain.Interfaces.ISystemAdminService,Fahes.Domain.Models.DTOs.SysLookupsDTO)">
            <summary>
            
            </summary>
            <param name="SystemAdminervice"></param>
            <param name="lookupsDTO"></param>
            <param name="_logger"></param>
            <returns></returns>
        </member>
        <member name="M:Fahes.API.EndpointDefinitions.SystemAdminEndpointDefinitions.getSystemLookupValues(Fahes.Domain.Interfaces.ISystemAdminService,Fahes.Domain.Models.DTOs.SysLookupsValuesDTO)">
            <summary>
            
            </summary>
            <param name="SystemAdminervice"></param>
            <param name="lookupsDTO"></param>
            <param name="_logger"></param>
            <returns></returns>
        </member>
        <member name="M:Fahes.API.EndpointDefinitions.SystemAdminEndpointDefinitions.getSystemRoles(Fahes.Domain.Interfaces.ISystemAdminService,Fahes.Domain.Models.DTOs.SysRolesDTO)">
            <summary>
            
            </summary>
            <param name="SystemAdminervice"></param>
            <param name="rolesDTO"></param>
            <param name="_logger"></param>
            <returns></returns>
        </member>
        <member name="M:Fahes.API.EndpointDefinitions.SystemAdminEndpointDefinitions.getRoleEntities(Fahes.Domain.Interfaces.ISystemAdminService,Fahes.Domain.Models.DB.SystemRoleEntitiesDTO)">
            <summary>
            
            </summary>
            <param name="SystemAdminervice"></param>
            <param name="entitiesDTO"></param>
            <param name="_logger"></param>
            <returns></returns>
        </member>
        <member name="M:Fahes.API.EndpointDefinitions.SystemAdminEndpointDefinitions.getRoleUsers(Fahes.Domain.Interfaces.ISystemAdminService,Fahes.Domain.Models.DB.SystemRoleUsersDTO)">
            <summary>
            
            </summary>
            <param name="SystemAdminervice"></param>
            <param name="rolesDTO"></param>
            <param name="_logger"></param>
            <returns></returns>
        </member>
        <member name="M:Fahes.API.EndpointDefinitions.SystemAdminEndpointDefinitions.roleDefOperations(Fahes.Domain.Interfaces.ISystemAdminService,Fahes.Domain.Models.DTOs.SysRolesDefOperationsDTO)">
            <summary>
            
            </summary>
            <param name="SystemAdminervice"></param>
            <param name="operationsDTO"></param>
            <returns></returns>
        </member>
        <member name="M:Fahes.API.EndpointDefinitions.SystemAdminEndpointDefinitions.userRoleOperations(Fahes.Domain.Interfaces.ISystemAdminService,Fahes.Domain.Models.DTOs.UserRoleOperationsDTO)">
            <summary>
            
            </summary>
            <param name="SystemAdminervice"></param>
            <param name="operationsDTO"></param>
            <returns></returns>
        </member>
        <member name="M:Fahes.API.EndpointDefinitions.SystemAdminEndpointDefinitions.entityRoleOperations(Fahes.Domain.Interfaces.ISystemAdminService,Fahes.Domain.Models.DTOs.EntityRoleOperationsDTO)">
            <summary>
            
            </summary>
            <param name="SystemAdminervice"></param>
            <param name="operationsDTO"></param>
            <returns></returns>
        </member>
        <member name="M:Fahes.API.EndpointDefinitions.SystemAdminEndpointDefinitions.getUsersNotInRole(Fahes.Domain.Interfaces.ISystemAdminService,Fahes.Domain.Models.DTOs.UsersEntitiesNotInRolesDTO)">
            <summary>
            
            </summary>
            <param name="SystemAdminervice"></param>
            <param name="operationsDTO"></param>
            <returns></returns>
        </member>
        <member name="M:Fahes.API.EndpointDefinitions.SystemAdminEndpointDefinitions.getEntitiesNotInRole(Fahes.Domain.Interfaces.ISystemAdminService,Fahes.Domain.Models.DTOs.UsersEntitiesNotInRolesDTO)">
            <summary>
            
            </summary>
            <param name="SystemAdminervice"></param>
            <param name="operationsDTO"></param>
            <returns></returns>
        </member>
        <member name="M:Fahes.API.EndpointDefinitions.SystemAdminEndpointDefinitions.getUsers(Fahes.Domain.Interfaces.ISystemAdminService,Fahes.Domain.Models.DTOs.UserSearchDto)">
            <summary>
            
            </summary>
            <param name="SystemAdminervice"></param>
            <param name="searchDto"></param>
            <returns></returns>
        </member>
        <member name="M:Fahes.API.EndpointDefinitions.SystemAdminEndpointDefinitions.getRolesByUser(Fahes.Domain.Interfaces.ISystemAdminService,Fahes.Domain.Models.DTOs.RolesByUserSearchDTO)">
            <summary>
            
            </summary>
            <param name="SystemAdminervice"></param>
            <param name="searchDto"></param>
            <returns></returns>
        </member>
        <member name="M:Fahes.API.EndpointDefinitions.SystemAdminEndpointDefinitions.userOperations(Fahes.Domain.Interfaces.ISystemAdminService,Fahes.Domain.Models.DTOs.UserOperationDTO)">
            <summary>
            
            </summary>
            <param name="SystemAdminervice"></param>
            <param name="searchDto"></param>
            <returns></returns>
        </member>
        <member name="M:Fahes.API.EndpointDefinitions.SystemAdminEndpointDefinitions.getRolesNotAssignedToUser(Fahes.Domain.Interfaces.ISystemAdminService,Fahes.Domain.Models.DTOs.RolesNoAssignToUserSearchDTO)">
            <summary>
            
            </summary>
            <param name="SystemAdminervice"></param>
            <param name="searchDto"></param>
            <returns></returns>
        </member>
        <member name="M:Fahes.API.EndpointDefinitions.SystemAdminEndpointDefinitions.vehicleModelOperations(Fahes.Domain.Interfaces.ISystemAdminService,Fahes.Domain.Models.DTOs.vehicleModelDTO)">
            <summary>
            
            </summary>
            <param name="SystemAdminervice"></param>
            <param name="modelDTO"></param>
            <returns></returns>
        </member>
        <member name="M:Fahes.API.EndpointDefinitions.SystemAdminEndpointDefinitions.manufacturerOperations(Fahes.Domain.Interfaces.ISystemAdminService,Fahes.Domain.Models.DTOs.manufacturerDTO)">
            <summary>
            
            </summary>
            <param name="SystemAdminervice"></param>
            <param name="DTO"></param>
            <returns></returns>
        </member>
        <member name="M:Fahes.API.EndpointDefinitions.SystemAdminEndpointDefinitions.getVehicleModels(Fahes.Domain.Interfaces.ISystemAdminService,Fahes.Domain.Models.DTOs.VehicleModelsSearchDTO)">
            <summary>
            
            </summary>
            <param name="SystemAdminervice"></param>
            <param name="DTO"></param>
            <returns></returns>
        </member>
        <member name="M:Fahes.API.EndpointDefinitions.SystemAdminEndpointDefinitions.getManufacturers(Fahes.Domain.Interfaces.ISystemAdminService,Fahes.Domain.Models.DTOs.ManufacturersSearchDTO)">
            <summary>
            
            </summary>
            <param name="SystemAdminervice"></param>
            <param name="DTO"></param>
            <returns></returns>
        </member>
        <member name="M:Fahes.API.EndpointDefinitions.SystemAdminEndpointDefinitions.getAreas(Fahes.Domain.Interfaces.ISystemAdminService,Fahes.Domain.Models.DTOs.AresSearchDTO)">
            <summary>
            
            </summary>
            <param name="SystemAdminervice"></param>
            <param name="DTO"></param>
            <returns></returns>
        </member>
        <member name="M:Fahes.API.EndpointDefinitions.SystemAdminEndpointDefinitions.getAreaLocations(Fahes.Domain.Interfaces.ISystemAdminService,Fahes.Domain.Models.DTOs.AreaLocationsSearchDTO)">
            <summary>
            
            </summary>
            <param name="SystemAdminervice"></param>
            <param name="DTO"></param>
            <returns></returns>
        </member>
        <member name="M:Fahes.API.EndpointDefinitions.SystemAdminEndpointDefinitions.areaOperations(Fahes.Domain.Interfaces.ISystemAdminService,Fahes.Domain.Models.DTOs.AreaOperationsDTO)">
            <summary>
            
            </summary>
            <param name="SystemAdminervice"></param>
            <param name="DTO"></param>
            <returns></returns>
        </member>
        <member name="M:Fahes.API.EndpointDefinitions.SystemAdminEndpointDefinitions.locationOperations(Fahes.Domain.Interfaces.ISystemAdminService,Fahes.Domain.Models.DTOs.LocationOperationsDTO)">
            <summary>
            
            </summary>
            <param name="SystemAdminervice"></param>
            <param name="DTO"></param>
            <returns></returns>
        </member>
        <member name="M:Fahes.API.EndpointDefinitions.SystemAdminEndpointDefinitions.getModules(Fahes.Domain.Interfaces.ISystemAdminService,Fahes.Domain.Models.DTOs.ModulesDefSearchDTO)">
            <summary>
            
            </summary>
            <param name="SystemAdminervice"></param>
            <param name="DTO"></param>
            <returns></returns>
        </member>
        <member name="M:Fahes.API.EndpointDefinitions.SystemAdminEndpointDefinitions.getSystemEntityDef(Fahes.Domain.Interfaces.ISystemAdminService,Fahes.Domain.Models.DTOs.SystemEntityDefSearchDTO)">
            <summary>
            
            </summary>
            <param name="SystemAdminervice"></param>
            <param name="DTO"></param>
            <returns></returns>
        </member>
        <member name="M:Fahes.API.EndpointDefinitions.SystemAdminEndpointDefinitions.systemEntityDefOperations(Fahes.Domain.Interfaces.ISystemAdminService,Fahes.Domain.Models.DTOs.SystemEntityDefOperationDTO)">
            <summary>
            
            </summary>
            <param name="SystemAdminervice"></param>
            <param name="DTO"></param>
            <returns></returns>
        </member>
        <member name="M:Fahes.API.EndpointDefinitions.SystemAdminEndpointDefinitions.ModuleOperations(Fahes.Domain.Interfaces.ISystemAdminService,Fahes.Domain.Models.DTOs.ModuleOperationDTO)">
            <summary>
            
            </summary>
            <param name="SystemAdminervice"></param>
            <param name="DTO"></param>
            <returns></returns>
        </member>
        <member name="M:Fahes.API.EndpointDefinitions.SystemAdminEndpointDefinitions.systemMessagesOperations(Fahes.Domain.Interfaces.ISystemAdminService,Fahes.Domain.Models.DTOs.SystemMessagesOperationDTO)">
            <summary>
            
            </summary>
            <param name="SystemAdminervice"></param>
            <param name="DTO"></param>
            <returns></returns>
        </member>
        <member name="M:Fahes.API.EndpointDefinitions.SystemAdminEndpointDefinitions.getSystemMessages(Fahes.Domain.Interfaces.ISystemAdminService,Fahes.Domain.Models.DTOs.SystemMessagesSearchDTO)">
            <summary>
            
            </summary>
            <param name="SystemAdminervice"></param>
            <param name="DTO"></param>
            <returns></returns>
        </member>
        <member name="T:Fahes.API.Filters.SwaggerRequestHeaderFilter">
            <summary>
            
            </summary>
        </member>
        <member name="T:Fahes.API.Middlewares.ExceptionHandlingMiddleware">
            <summary>
            This middleware used to handel fahes system exceptions
            </summary>
        </member>
        <member name="M:Fahes.API.Middlewares.ExceptionHandlingMiddleware.#ctor(Fahes.Domain.Interfaces.IFahesLogger)">
             <summary>
            
             </summary>
             <param name="logger"></param>
        </member>
    </members>
</doc>
